      duration	  release_year	  us_popularity_estimate	  acousticness	  beat_strength	  bounciness	  danceability	  dyn_range_mean	      energy	    flatness	  instrumentalness	       key	   liveness	    loudness	   mechanism	    organism	  speechiness	        tempo	  time_signature	     valence
  49.1026     	   3.035      	              0.298097  	    0.201375  	     0.12976   	  0.136936  	   0.136456   	     1.9831     	 0.162599   	 0.0311859  	       0.0310549  	 4.114    	 0.133819  	 2.46167    	 0.193336   	 0.166105   	  0.101246   	 31.2554     	      0.134     	 0.225798
  60.9661     	   7.366      	              0.488787  	    0.256199  	     0.177566  	  0.201381  	   0.180598   	     2.82661    	 0.209834   	 0.0408331  	       0.0616428  	 4.254    	 0.139323  	 3.1508     	 0.249083   	 0.217305   	  0.12964    	 35.0886     	      0.132     	 0.265334
2472.6        	  44.9407     	              1.04177   	    0.0432029 	     0.011851  	  0.0138283 	   0.0122669  	     3.22414    	 0.0191125  	 0.000766886	       0.0159214  	 9.84685  	 0.0252339 	 5.82341    	 0.0243417  	 0.0205256  	  0.0146158  	657.541      	      0.21626   	 0.0296216
3870.57       	 141.147      	              1.60758   	    0.0562234 	     0.0176159 	  0.0228069 	   0.0196744  	     5.08793    	 0.0250518  	 0.00124617 	       0.0372092  	 9.54903  	 0.0230307 	 8.94483    	 0.0318861  	 0.0279029  	  0.0175475  	612.137      	      0.170747  	 0.0355248
   1.48216e-07	   4.93937e-40	              6.0184e-21	    1.4271e-08	     6.1666e-17	  3.2015e-23	   2.86605e-12	     3.63629e-19	 6.96284e-13	 6.98102e-12	       3.01776e-10	 0.116982 	 0.00834538	 8.01285e-10	 1.20502e-12	 6.85082e-13	  1.45103e-09	  1.40535e-05	      0.211393  	 1.43361e-06
  -0.210655   	  -0.448998   	             -0.165681  	   -0.245886  	    -0.393847  	 -0.476164  	  -0.349294   	    -0.413758   	-0.317863   	-0.304081   	      -0.187668   	-0.0449561	-0.0354316 	-0.253602   	-0.332481   	-0.329031   	 -0.223907   	 -0.152137   	      0.00454659	-0.21906